bin_center,bin_content,x_lower_bound,x_upper_bound,y_lower_bound,y_upper_bound
-0.918255627155304,633.6298828125,-1.101381540298462,-0.735129714012146,574.2413444519043,693.0184211730957
-0.5520437955856323,632.50048828125,-0.735129714012146,-0.36895787715911865,584.3945693969727,680.6064071655273
-0.1858524652197957,666.7886962890625,-0.36895787715911865,-0.0027470532804727554,619.9530487060547,713.6243438720703
0.1805318845435977,668.2659301757812,-0.0027470532804727554,0.36381082236766815,621.2429084777832,715.2889518737793
0.5473229512572289,642.7177734375,0.36381082236766815,0.7308350801467896,595.0434455871582,690.3921012878418
0.9144599735736847,617.3507690429688,0.7308350801467896,1.0980848670005798,560.9740142822266,673.7275238037109
