bin_center,bin_content,bin_error,lower_bound,upper_bound
-0.918255627155304,633.6298828125,0.4692191976581981,633.1606636148418,634.0991020101582
-0.5520437955856323,632.50048828125,0.5647182738396036,631.9357700074104,633.0652065550896
-0.1858524652197957,666.7886962890625,0.6527698782625521,666.1359264107999,667.4414661673251
0.1805318845435977,668.2659301757812,0.655161558805734,667.6107686169755,668.921091734587
0.5473229512572289,642.7177734375,0.5789515366825058,642.1388219008174,643.2967249741826
0.9144599735736847,617.3507690429688,0.6417330149459656,616.7090360280228,617.9925020579147
