bin_center,bin_content,bin_error,lower_bound,upper_bound
-0.918255627155304,675.10009765625,0.43324137511692207,674.666856281133,675.533339031367
-0.5520437955856323,663.4334716796875,0.44464290701079173,662.9888287726767,663.8781145866983
-0.1858524652197957,658.3419799804688,0.4891796478291704,657.8528003326396,658.8311596282979
0.1805318845435977,654.66845703125,0.4899457755806424,654.1785112556694,655.1584028068306
0.5473229512572289,650.3973388671875,0.47780552057822556,649.9195333466092,650.8751443877658
0.9144599735736847,646.5458984375,0.544123961472031,646.001774476028,647.090022398972
