bin_center,bin_content,x_lower_bound,x_upper_bound,y_lower_bound,y_upper_bound
-0.918255627155304,675.10009765625,-1.101381540298462,-0.735129714012146,637.9427528381348,712.2574424743652
-0.5520437955856323,663.4334716796875,-0.735129714012146,-0.36895787715911865,629.6297264099121,697.2372169494629
-0.1858524652197957,658.3419799804688,-0.36895787715911865,-0.0027470532804727554,625.2396469116211,691.4443130493164
0.1805318845435977,654.66845703125,-0.0027470532804727554,0.36381082236766815,621.4395446777344,687.8973693847656
0.5473229512572289,650.3973388671875,0.36381082236766815,0.7308350801467896,616.4614486694336,684.3332290649414
0.9144599735736847,646.5458984375,0.7308350801467896,1.0980848670005798,609.8396072387695,683.2521896362305
